{
  "printf": {
    "count": 12.0,
    "reward_sum": -0.9500000000000005
  },
  "pipe": {
    "count": 12.0,
    "reward_sum": -0.9500000000000005
  },
  "null": {
    "count": 12.0,
    "reward_sum": -0.9500000000000005
  },
  "trap": {
    "count": 12.0,
    "reward_sum": -0.9500000000000005
  },
  "ubuntu": {
    "count": 1.0,
    "reward_sum": 0.15
  },
  "source": {
    "count": 1.0,
    "reward_sum": 0.15
  },
  "home": {
    "count": 1.0,
    "reward_sum": 0.15
  }
}